{"accurracy": 0.867, "precision": [0.9428571428571428, 0.8], "recall": [0.8048780487804879, 0.9411764705882353], "fscore": [0.868421052631579, 0.8648648648648648]}