{"accurracy": 0.88, "precision": [0.8648648648648649, 0.8947368421052632], "recall": [0.8888888888888888, 0.8717948717948718], "fscore": [0.8767123287671232, 0.8831168831168831]}